{"roll": 0.03426963297702643, "pitch": 0.009609741219519763, "yaw": -0.02941656577525257}